items,scheduled_for
"Fried banana, Sweet tea, Apple pie, Classic chicken sandwich, Espresso, Croissant",2030-01-01T09:00:00Z
"Multigrain sandwich loaf
Milkshakes (vanilla, chocolate, strawberry)
Philly cheesesteak",2030-01-01T18:00:00Z
"Coleslaw, Croissant, Ciabatta rolls",2030-01-01T09:00:00Z
"Biscuits, Corned beef hash, Beef and broccoli",2030-01-01T09:00:00Z
"Chicken fried steak, 8-piece bone-in fried chicken (mixed), Rye loaf, Chocolate cake, Combination fried rice, Soup and half sandwich",2030-01-01T09:00:00Z
Blueberry muffin,2030-01-01T18:00:00Z
"Ricotta and honey toast
Rye loaf
Butter and sea salt toast
Ma po tofu
Cold brew
General Tso's chicken
Meatloaf with mashed potatoes",2030-01-01T12:00:00Z
"Belgian waffle, Cold brew",
"Scallion pancake, Meatloaf with mashed potatoes, Unsweetened iced tea, Beef chow fun, Turkey and swiss",
French toast,
"Ham and cheese croissant
Eggs Benedict
Patty melt
Almond croissant
Scone of the day
Multigrain sandwich loaf
Blueberry pancakes
Drip coffee",
"French toast
Mac and cheese
Milkshakes (vanilla, chocolate, strawberry)
Cappuccino
Fortune cookies
Philly cheesesteak
Combination fried rice",2030-01-01T12:00:00Z
"Philly cheesesteak, Beef chow fun, Fried banana, Blueberry muffin, Open-faced turkey sandwich, Buttermilk pancakes (short or full stack), Grilled chicken with roasted peppers",
Club sandwich with fries,
"Sweet tea
Soup and half sandwich
4-piece dark meat
General Tso's chicken",
"Fried banana, Beef and broccoli, Chicken lo mein, Soup and half sandwich, Ciabatta rolls, Club sandwich with fries",
"Ricotta and honey toast
Milkshakes (vanilla, chocolate, strawberry)
Avocado toast
Classic chicken sandwich
Blueberry pancakes",
"Grilled cheese with tomato soup
Belgian waffle
Patty melt
Croissant
Steamed white rice
Crab rangoon (6)
Focaccia
Meatloaf with mashed potatoes",2030-01-01T18:00:00Z
Banana cream pie,2030-01-01T09:00:00Z
Unsweetened iced tea,
"Wonton soup
Caprese (mozzarella, tomato, basil)
Cold brew
Mashed potatoes and gravy
8-piece bone-in fried chicken (mixed)
Mac and cheese
Seasoned fries
Belgian waffle",2030-01-01T18:00:00Z
"Scallion pancake, Tuna melt, Italian combo (salami, capicola, ham, provolone)",
"Roast beef with horseradish, Two eggs any style with bacon or sausage, hash browns, and toast, Avocado toast, Almond croissant
",
"Biscuits and gravy, Sesame balls, Club sandwich with fries, Croissant, Mac and cheese",2030-01-01T18:00:00Z
"Chicken tenders (4 or 6)
4-piece dark meat
Turkey and swiss
French toast",
"Crab rangoon (6)
Latte",
"Fortune cookies, Cherry pie à la mode, Pain au chocolat",2030-01-01T09:00:00Z
"Wonton soup
Open-faced turkey sandwich
Soup and half sandwich
Chocolate cake",
"Apple pie, Ham and cheese croissant, Cherry pie à la mode, Banana cream pie, Chicken tenders (4 or 6)",
"Combination fried rice
Chicken fried steak
Multigrain sandwich loaf
Ham and cheese croissant
Italian meatball sub",2030-01-01T09:00:00Z
"Lemonade, Multigrain sandwich loaf, Hot and sour soup, Sweet and sour pork, Western omelet",
"Unsweetened iced tea
Drip coffee
Milkshakes (vanilla, chocolate, strawberry)
Seasoned fries
Egg rolls (2)",
"French toast, Almond croissant",
"Blueberry muffin, Sesame balls, Apple pie, Chicken tenders (4 or 6)",2030-01-01T12:00:00Z
"Unsweetened iced tea, , ",
"Eggs Benedict, Chicken tenders (4 or 6), French toast, Tuna melt",2030-01-01T12:00:00Z
"Lemon meringue pie, Sweet and sour pork, Eggs Benedict, Croissant, Italian combo (salami, capicola, ham, provolone), Singapore rice noodles, General Tso's chicken, Ma po tofu",2030-01-01T12:00:00Z
"Singapore rice noodles
Mashed potatoes and gravy
Wonton soup
Drip coffee",
"Roast beef with horseradish
Blueberry muffin
Croissant
Two eggs any style with bacon or sausage, hash browns, and toast
Sesame balls
Rye loaf
Biscuits and gravy",2030-01-01T09:00:00Z
"Biscuits and gravy
Mashed potatoes and gravy
Chicken lo mein
Chicken tenders (4 or 6)
Chocolate cake",2030-01-01T18:00:00Z
"Combination fried rice
Egg rolls (2)
Scallion pancake
Bone-in wings (6, 12, 24)
General Tso's chicken
Singapore rice noodles
Wonton soup
Beef chow fun",2030-01-01T18:00:00Z
"Turkey and swiss
Lemon meringue pie
Chicken lo mein
Grilled cheese with tomato soup
Almond croissant
Beef and broccoli
Open-faced turkey sandwich
Beef chow fun",
"Grilled cheese with tomato soup, Lemon meringue pie, Chicken lo mein, Salt and pepper shrimp, Chicken fried steak, Open-faced turkey sandwich, Spicy fried chicken sandwich",2030-01-01T12:00:00Z
Sourdough boule,
"Chicken lo mein
Corn on the cob
Soup and half sandwich
Baguette
Open-faced turkey sandwich
French toast
Classic chicken sandwich
Beef and broccoli",2030-01-01T18:00:00Z
"Sweet and sour pork
Cherry pie à la mode
Turkey and swiss
Singapore rice noodles
French toast
Steamed white rice
Sesame balls
Veggie with hummus",2030-01-01T12:00:00Z
"Lemonade, Apple pie, Grilled chicken with roasted peppers",
"Steamed white rice, Egg rolls (2), Roast beef with horseradish, General Tso's chicken, Hot and sour soup, Crab rangoon (6), Cappuccino, Salt and pepper shrimp",
"Banana cream pie, Almond croissant, Hot tea selection, Tuna melt",2030-01-01T12:00:00Z
"Pain au chocolat, Italian meatball sub, Coleslaw",2030-01-01T09:00:00Z
"Eggplant with garlic sauce
Salt and pepper shrimp
Blueberry pancakes
Rye loaf",2030-01-01T12:00:00Z
"Seasoned fries
Drip coffee
Buttermilk pancakes (short or full stack)
Grilled chicken with roasted peppers
Chocolate cake
Combination fried rice
Ciabatta rolls
Eggs Benedict",
"Club sandwich with fries, Cherry pie à la mode, Western omelet, Corned beef hash",
"Salt and pepper shrimp, Butter and sea salt toast, Blueberry muffin, Baguette",2030-01-01T09:00:00Z
"Hot tea selection
Cappuccino
Sweet tea
Hot and sour soup
Italian meatball sub
Salt and pepper shrimp",2030-01-01T18:00:00Z
"Buttermilk pancakes (short or full stack), Italian combo (salami, capicola, ham, provolone), Baguette, Cappuccino, Scone of the day, Espresso",2030-01-01T12:00:00Z
Butter and sea salt toast,
"Butter and sea salt toast, Eggplant with garlic sauce",2030-01-01T18:00:00Z
"Tuna melt
Butter and sea salt toast
Mashed potatoes and gravy",2030-01-01T09:00:00Z
"Cappuccino, Pork or vegetable dumplings, Pain au chocolat, Beef chow fun, Corn on the cob",
"Fortune cookies, Salt and pepper shrimp, Latte, Eggplant with garlic sauce, Grilled cheese with tomato soup, Pork or vegetable dumplings",
General Tso's chicken,
Combination fried rice,2030-01-01T09:00:00Z
"Grilled chicken with roasted peppers
Chicken tenders (4 or 6)
Drip coffee
Chicken lo mein
Italian combo (salami, capicola, ham, provolone)",
"Coleslaw
Soup and half sandwich
Scone of the day
Morning bun",
"Seasoned fries, Salt and pepper shrimp, Classic chicken sandwich",
Cherry pie à la mode,2030-01-01T18:00:00Z
"Espresso, Ciabatta rolls, Cold brew, Italian meatball sub, Crab rangoon (6)",
"Eggs Benedict, Sausage and onion, Chicken fried steak",2030-01-01T18:00:00Z
"Turkey and swiss, Seasoned fries, Lemonade, Grilled cheese with tomato soup, Latte",2030-01-01T18:00:00Z
"Caprese (mozzarella, tomato, basil), Mac and cheese",2030-01-01T09:00:00Z
"Salt and pepper shrimp, Open-faced turkey sandwich, Cherry pie à la mode, Lemonade, Chocolate cake, Sweet tea, Spicy fried chicken sandwich, Milkshakes (vanilla, chocolate, strawberry)",2030-01-01T12:00:00Z
"Classic chicken sandwich, Ciabatta rolls, Wonton soup, French toast, Rye loaf, Scone of the day, Multigrain sandwich loaf",2030-01-01T12:00:00Z
"Soup and half sandwich
Drip coffee
Veggie with hummus
Roast beef with horseradish",2030-01-01T18:00:00Z
Spicy fried chicken sandwich,
